{
    "ACCEL_SENSOR_X": {
        "sampling_freq": 0.978815634911361,
        "series": [
            -31.25,
            -31.13,
            -31.299999999999997,
            -31.07,
            -31.09,
            -31.18,
            -31.21,
            -31.17,
            -31.1,
            -31.08,
            -31.189999999999998,
            -31.09,
            -31.07,
            -31.11
        ],
        "base_timestamp": 1614646376.546
    },
    "ACCEL_SENSOR_Y": {
        "sampling_freq": 0.978815634911361,
        "series": [
            -0.6700000000000017,
            -0.490000000000002,
            -0.6099999999999994,
            -0.6400000000000006,
            -0.6099999999999994,
            -0.519999999999996,
            -0.46000000000000085,
            -0.5700000000000003,
            -0.7100000000000009,
            -0.8599999999999994,
            -0.6999999999999957,
            -0.6400000000000006,
            -0.5899999999999963,
            -0.6599999999999966
        ],
        "base_timestamp": 1614646376.546
    },
    "ACCEL_SENSOR_Z": {
        "sampling_freq": 2.2768670105303346,
        "series": [
            2.365000000000002,
            2.365000000000002,
            2.365000000000002,
            2.4350000000000023,
            2.2950000000000017,
            2.6800000000000033,
            2.5050000000000026,
            2.5050000000000026,
            2.260000000000005,
            2.330000000000002,
            2.2950000000000017,
            2.330000000000002,
            2.365000000000002,
            2.365000000000002,
            2.260000000000005,
            2.610000000000003,
            2.400000000000002,
            2.610000000000003,
            2.5050000000000026,
            2.6800000000000033,
            2.4350000000000023,
            2.645000000000003,
            0.12500000000000355,
            2.260000000000005,
            2.365000000000002,
            2.365000000000002,
            2.4700000000000024,
            2.330000000000002,
            2.4700000000000024,
            0.05500000000000327
        ],
        "base_timestamp": 1614646376.747
    },
    "VOLTAGE": {},
    "LOCK_D": {},
    "UNLOCK_D": {},
    "LOCK_P": {},
    "UNLOCK_P": {},
    "DOOR_OPEN_D": {},
    "DOOR_CLOSE_D": {},
    "DOOR_OPEN_P": {},
    "DOOR_CLOSE_P": {},
    "DOOR_OPEN_LB": {},
    "DOOR_CLOSE_LB": {},
    "DOOR_OPEN_RB": {},
    "DOOR_CLOSE_RB": {},
    "IN_MANIFOLD_PRESSURE": {},
    "IN_AIR_TEMP": {},
    "ENGINE_COOLANT_TEMP": {},
    "ENGINE_RPM": {},
    "ENGINE_LOAD": {},
    "TURBO_BOOST_VACUUM_GAUGE": {},
    "FUEL_RAIL_PRESSURE": {},
    "FUEL_FLOW_RATE": {},
    "BAROMETRIC_PRESSURE": {
        "series": "Not In Trace"
    },
    "AMBIENT_AIR_TEMP": {
        "series": "Not In Trace"
    },
    "ALTITUDE": {
        "series": "Not In Trace"
    },
    "BEARING": {
        "series": "Not In Trace"
    },
    "LAT_DEG": {
        "sampling_freq": 0.45566390024634484,
        "series": [
            36.0,
            36.0,
            36.0,
            36.0,
            36.0
        ],
        "base_timestamp": 1614646378.149
    },
    "LAT_DEC": {
        "sampling_freq": 0.45566390024634484,
        "series": [
            0.0908,
            0.2318,
            0.24430000000000002,
            0.2651,
            0.28190000000000004
        ],
        "base_timestamp": 1614646378.149
    },
    "LONG_DEG": {
        "sampling_freq": 0.45566390024634484,
        "series": [
            -83.0,
            -83.0,
            -83.0,
            -83.0,
            -83.0
        ],
        "base_timestamp": 1614646378.149
    },
    "LONG_DEC": {
        "sampling_freq": 0.45566390024634484,
        "series": [
            0.8208000000000001,
            0.7939,
            0.7901,
            0.7876000000000001,
            0.7836000000000001
        ],
        "base_timestamp": 1614646378.149
    },
    "SPEED": {
        "sampling_freq": 2.62169632395816,
        "series": [
            116.07000000000001,
            115.77,
            115.81,
            116.02,
            115.9,
            115.78,
            115.77,
            115.85000000000001,
            115.84,
            115.94,
            115.82000000000001,
            115.64,
            115.79,
            115.75,
            115.73,
            115.65,
            115.58,
            115.37,
            115.38,
            115.29,
            113.39,
            113.71000000000001,
            113.68,
            111.13,
            111.24000000000001,
            111.32000000000001,
            110.99000000000001,
            111.10000000000001,
            111.32000000000001,
            111.24000000000001,
            111.23,
            110.96000000000001,
            112.69,
            112.67,
            112.66,
            110.10000000000001,
            112.92
        ],
        "base_timestamp": 1614646376.783
    },
    "TORQUE": {},
    "TURN_LEFT": {
        "sampling_freq": 1.004352196683595,
        "series": [
            0.0,
            0.0,
            0.0,
            0.0,
            0.0,
            0.0
        ],
        "base_timestamp": 1614646379.535
    },
    "TURN_RIGHT": {
        "sampling_freq": 1.004352196683595,
        "series": [
            0.0,
            0.0,
            0.0,
            0.0,
            0.0,
            0.0
        ],
        "base_timestamp": 1614646379.535
    },
    "STEERING_WHEEL_ANGLE": {
        "sampling_freq": 10.26173940918708,