{
    "ACCEL_SENSOR_X": {
        "sampling_freq": 1.373449502808901,
        "series": [
            -38.81,
            -38.99,
            -39.41,
            -39.98,
            -31.869999999999997,
            -31.869999999999997,
            -31.39,
            -31.28,
            -31.15,
            -31.09,
            -31.07,
            -31.11,
            -31.15,
            -31.09,
            -31.060000000000002,
            -31.1,
            -31.08,
            -31.04,
            -31.04,
            -31.15,
            -31.08,
            -31.08,
            -31.04,
            -31.060000000000002,
            -31.11,
            -31.07,
            -31.07,
            -31.08,
            -31.07,
            -31.060000000000002,
            -31.119999999999997,
            -31.049999999999997
        ],
        "base_timestamp": 1618388863.951
    },
    "ACCEL_SENSOR_Y": {
        "sampling_freq": 1.373449502808901,
        "series": [
            -0.5600000000000023,
            -0.8200000000000003,
            -0.46000000000000085,
            -0.6700000000000017,
            -1.519999999999996,
            -1.4499999999999957,
            -3.9099999999999966,
            -1.490000000000002,
            -1.5499999999999972,
            -4.079999999999998,
            -1.2199999999999989,
            1.4500000000000028,
            1.5399999999999991,
            -1.1599999999999966,
            -1.2299999999999969,
            -1.2199999999999989,
            -1.1599999999999966,
            -1.2299999999999969,
            -1.1599999999999966,
            -1.1999999999999957,
            -1.1599999999999966,
            -1.1700000000000017,
            -1.2100000000000009,
            -1.1599999999999966,
            -1.2100000000000009,
            -1.1999999999999957,
            -1.1999999999999957,
            -1.1799999999999997,
            -1.2100000000000009,
            -1.1499999999999986,
            -1.1799999999999997,
            -1.1599999999999966
        ],
        "base_timestamp": 1618388863.951
    },
    "ACCEL_SENSOR_Z": {
        "sampling_freq": 1.8461538461538463,
        "series": [
            0.05500000000000327,
            0.23000000000000398,
            -2.184999999999997,
            0.12500000000000355,
            0.860000000000003,
            0.8950000000000031,
            0.37000000000000455,
            0.1600000000000037,
            0.020000000000003126,
            0.09000000000000341,
            0.020000000000003126,
            2.330000000000002,
            2.575000000000003,
            2.575000000000003,
            2.5050000000000026,
            2.575000000000003,
            2.5400000000000027,
            2.5050000000000026,
            2.610000000000003,
            2.5400000000000027,
            2.610000000000003,
            2.575000000000003,
            2.575000000000003,
            2.575000000000003,
            2.575000000000003,
            2.6800000000000033,
            2.610000000000003,
            2.645000000000003,
            2.5400000000000027,
            2.645000000000003,
            2.575000000000003,
            2.610000000000003,
            2.5400000000000027,
            2.610000000000003,
            2.575000000000003,
            2.610000000000003,
            2.610000000000003,
            2.610000000000003,
            2.575000000000003,
            2.610000000000003,
            2.575000000000003,
            2.645000000000003
        ],
        "base_timestamp": 1618388864.553
    },
    "BAROMETRIC_PRESSURE": {
        "series": "Not In Trace"
    },
    "AMBIENT_AIR_TEMP": {
        "series": "Not In Trace"
    },
    "ALTITUDE": {
        "series": "Not In Trace"
    },
    "BEARING": {
        "series": "Not In Trace"
    },
    "LAT_DEG": {
        "sampling_freq": 0.1818429787614319,
        "series": [
            36.0,
            36.0,
            36.0,
            36.0
        ],
        "base_timestamp": 1618388865.0
    },
    "LAT_DEC": {
        "sampling_freq": 0.1818429787614319,
        "series": [
            0.28190000000000004,
            0.2949,
            0.3013,
            0.3013
        ],
        "base_timestamp": 1618388865.0
    },
    "LONG_DEG": {
        "sampling_freq": 0.1818429787614319,
        "series": [
            -83.0,
            -83.0,
            -83.0,
            -83.0
        ],
        "base_timestamp": 1618388865.0
    },
    "LONG_DEC": {
        "sampling_freq": 0.1818429787614319,
        "series": [
            0.598,
            0.5974,
            0.5978,
            0.5978
        ],
        "base_timestamp": 1618388865.0
    },
    "SPEED": {
        "sampling_freq": 1.8978605922636709,
        "series": [
            33.83,
            34.56,
            34.32,
            33.3,
            31.57,
            29.400000000000002,
            23.330000000000002,
            20.86,
            16.52,
            16.32,
            12.98,
            10.81,
            3.2800000000000002,
            3.61,
            0.0,
            0.0,
            0.98,
            3.09,
            0.59,
            1.0,
            1.07,
            1.1500000000000001,
            1.22,
            0.0,
            0.0,
            0.0,
            0.0,
            0.0,
            0.0,
            0.0,
            0.0,
            0.0,
            0.0,
            0.0,
            0.0,
            0.0,
            0.0,
            0.0,
            0.0,
            0.0,
            0.0,
            0.0,
            0.0,
            0.0
        ],
        "base_timestamp": 1618388864.092
    },
    "TURN_LEFT": {
        "sampling_freq": 1.4790968815820646,
        "series": [
            0.0,
            0.0,
            0.0,
            0.0,
            0.0,
            0.0,
            0.0,
            0.0,
            0.0,
            0.0,
            0.0,
            0.0,
            0.0,
            0.0,
            0.0,
            0.0,
            0.0,
            0.0,
            0.0,
            0.0,
            0.0,
            0.0,
            0.0,
            0.0,
            0.0,
            0.0,
            0.0,
            0.0,
            0.0,
            0.0,
            0.0,
            0.0,
            0.0,
            0.0
        ],
        "base_timestamp": 1618388864.396
    },
    "TURN_RIGHT": {
        "sampling_freq": 1.4790968815820646,
        "series": [
            0.0,
            0.0,
            1.0,
            1.0,
            1.0,
            1.0,
            0.0,
            1.0,
            0.0,
            1.0,
            1.0,
            0.0,
            0.0,
            1.0,
            1.0,
            1.0,
            0.0,
            1.0,
            1.0,
            1.0,
            1.0,
            1.0,
            1.0,
            0.0,
            1.0,
            0.0,
            1.0,
            0.0,
            0.0,
            1.0,
            1.0,
            0.0,
            1.0,
            1.0
        ],
        "base_timestamp": 1618388864.396
    },
    "STEERING_WHEEL_ANGLE": {
        "sampling_freq": 3.906935913598698,